state_code,state_name,cap_document_count,source_identifiers,cap_document_sum_usd,measure_basis
AZ,Arizona,6,AZ_Fee_AMC.PC.SP.D_Renewal_20251001-20260930 | AZ_Fee_IPH.OPH.PC.SP.NF.HCBS.BHI.BHO.D_Amend_20251001-20260930 | AZ_Fee_IPH.OPH1_Renewal_20251001-20260930 | AZ_Fee_IPH.OPH2_Renewal_20251001-20260930 | AZ_Fee_IPH.OPH3_Renewal_20251001-20260930 | AZ_Fee_NF_Renewal_20251001-20260930,5367140000.0,Archive document-cap subtotal; overlap not resolved; not projected payments or actual spending
CA,California,4,CA_Fee_IPH.OPH.Oth_New_20240101-20241231 | CA_Fee_IPH.OPH.Oth_Renewal_20250101-20251231 | CA_Fee_IPH.OPH1_Renewal_20250101-20251231 | CA_VBP_NF_Renewal_20250101-20251231 (was CA_Fee_NF_Renewal_20250101-20251231),9461571403.0,Archive document-cap subtotal; overlap not resolved; not projected payments or actual spending
CO,Colorado,2,CO_Fee_AMC_New_20250701-20260630 | CO_Fee_IPH.OPH.BHI.BHO_New_20250701-20260630,736443767.0,Archive document-cap subtotal; overlap not resolved; not projected payments or actual spending
DC,District of Columbia,1,DC_Fee_IPH.OPH_New_20241001-20250930,485154441.0,Archive document-cap subtotal; overlap not resolved; not projected payments or actual spending
DE,Delaware,4,DE_Fee_IPH.OPH.BHI.BHO_New_20250101-20251231 | DE_Fee_IPH.OPH.BHI.BHO_Renewal_20260101-20261231 | DE_Fee_NF2_New_20250101-20251231 | DE_Fee_NF2_Renewal_20260101-20261231,878994336.0,Archive document-cap subtotal; overlap not resolved; not projected payments or actual spending
FL,Florida,12,FL_Fee.IPH.OPH5_Renewal_20241001-20250131 | FL_Fee.IPH.OPH5_Renewal_20250201-20250930 | FL_Fee_AMC_Amend_20241001-20250131 | FL_Fee_AMC_Amend_20250201-20250930 | FL_Fee_AMC_Renewal_20241001-20250131 | FL_Fee_AMC_Renewal_20250201-20250930 | FL_Fee_AMC_Renewal_20251001-20260930 | FL_Fee_IPH.OPH3_Renewal_20241001-20250131 | FL_Fee_IPH.OPH4_Renewal_20241001-20250131 | FL_Fee_IPH.OPH4_Renewal_20250201-20250930 | FL_Fee_PC.NF_Renewal_20241001-20250131 | FL_Fee_PC.NF_Renewal_20250201-20250930,9596716577.0,Archive document-cap subtotal; overlap not resolved; not projected payments or actual spending
GA,Georgia,8,GA_Fee_AMC_Renewal_20250701-20260630 | GA_Fee_IPH.OPH2_Renewal_20250701-20260630 | GA_Fee_IPH.OPH3_Renewal_20250701-20260630 | GA_Fee_IPH.OPH4_New_20250701-20260630 | GA_Fee_IPH.OPH5_New_20250701-20260630 | GA_Fee_IPH.OPH6_New_20250701-20260630 | GA_Fee_IPH.OPH_Renewal_20250701-20260630 | GA_VBP.Fee_IPH.OPH_Renewal_20250701-20260630,4538505642.31,Archive document-cap subtotal; overlap not resolved; not projected payments or actual spending
HI,Hawaii,2,HI_VBP.Fee_IPH.OPH_Renewal_20260101-20261231 | HI_VBP.Fee_NF_Renewal_20260101-20261231,106300000.0,Archive document-cap subtotal; overlap not resolved; not projected payments or actual spending
IA,Iowa,3,IA_Fee_AMC_Renewal_20250701-20260630 | IA_Fee_IPH.OPH1_Renewal_20250701-20260630 | IA_Fee_IPH.OPH_Renewal_20250701-20260630,2319641917.0,Archive document-cap subtotal; overlap not resolved; not projected payments or actual spending
IL,Illinois,5,IL_Fee_IPH.OPH3_Renewal_20250101-20251231 | IL_Fee_IPH6_Renewal_20260101-20261231 | IL_Fee_IPH_Renewal_20260101-20261231 | IL_Fee_NF_Renewal_20260101-20261231 | IL_Fee_OPH5_Renewal_20260101-20261231,8323500000.0,Archive document-cap subtotal; overlap not resolved; not projected payments or actual spending
IN,Indiana,1,IN_Fee_IPH.OPH_New_20260101-20261231,1866200000.0,Archive document-cap subtotal; overlap not resolved; not projected payments or actual spending
KS,Kansas,4,KS_Fee_AMC_Renewal_20260101-20261231 | KS_Fee_IPH.OPH_Renewal_20250101-20251231 | KS_Fee_OPH1_Renewal_20250101-20251231 | KS_Fee_OPH1_Renewal_20260101-20261231,1034000000.0,Archive document-cap subtotal; overlap not resolved; not projected payments or actual spending
KY,Kentucky,3,KY_Fee.VBP_IPH.OPH.AMC_Renewal_20260101-20261231 | KY_Fee.VBP_IPH.OPH_Renewal_20260101-20261231 | KY_VBP.Fee_IPH.OPH.AMC2_Renewal_20260101-20261231,4862416107.0,Archive document-cap subtotal; overlap not resolved; not projected payments or actual spending
LA,Louisiana,7,LA_Fee_AMC.PC.SP_New_20240701-20250630 | LA_Fee_HCBS2_Renewal_20250701-20260630 | LA_Fee_IPH.OPH1_Renewal_20250701-20260630 | LA_Fee_IPH.OPH2_New_20250701-20260630 | LA_Fee_IPH.OPH_Renewal_20250701-20260630 | LA_Fee_Oth1_Renewal_20250701-20260630 | LA_VBP_D_New_20240701-20270630,5494425338.0,Archive document-cap subtotal; overlap not resolved; not projected payments or actual spending
MA,Massachusetts,9,MA_Fee_IPH.OPH3_Renewal_20260101-20261231 | MA_Fee_IPH.OPH_Renewal_20250101-20251231 | MA_Fee_IPH_Renewal_20260101-20261231 | MA_VBP_BHI.BHO.IPH.OPH_Renewal_20250101-20271231 | MA_VBP_BHI.BHO_Renewal_20250101-20271231 | MA_VBP_IPH.OPH2_Renewal_20250101-20271231 | MA_VBP_IPH.OPH5_Renewal_20250101-20271231 | MA_VBP_IPH3_Renewal_20250101-20271231 | MA_VBP_OPH_Renewal_20250101-20271231,2405600000.0,Archive document-cap subtotal; overlap not resolved; not projected payments or actual spending
MD,Maryland,1,MD_Fee.VBP_AMC_Renewal_20260101-20261231,47900869.0,Archive document-cap subtotal; overlap not resolved; not projected payments or actual spending
MI,Michigan,4,MI_Fee_BHI_Renewal_20251001-20260930 | MI_Fee_IPH.OPH_Renewal_20251001-20260930 | MI_Fee_PC.SP_Renewal_20241001-20250930 | MI_Fee_PC.SP_Renewal_20251001-20260930,6391115610.0,Archive document-cap subtotal; overlap not resolved; not projected payments or actual spending
MO,Missouri,2,MO_Fee_AMC.PC.SP.D.Oth_Amendment_20240701-20250630 | MO_Fee_AMC.PC.SP.D.Oth_Renewal_20250701-20260630,97657896.73,Archive document-cap subtotal; overlap not resolved; not projected payments or actual spending
MS,Mississippi,3,MS_Fee.VBP_AMC_Renewal_20250701-20260630 | MS_Fee.VBP_IPH.OPH.Oth_Renewal_20250701-20260630 | MS_Fee_IPH.PC.SP_Renewal_20250701-20260630,1547931527.0,Archive document-cap subtotal; overlap not resolved; not projected payments or actual spending
NC,North Carolina,2,NC_Fee_NF_Amend_20250701-20260630 | NC_Fee_NF_Renewal_20260701-20270630,11300000.0,Archive document-cap subtotal; overlap not resolved; not projected payments or actual spending
NE,Nebraska,5,NE_FEE_IPH.OPH_Renewal_20250101-20251231 | NE_FEE_IPH.OPH_Renewal_20260101-20261231 | NE_Fee_AMC_Renewal_20260101-20261231 | NE_Fee_D_Renewal_20250101-20251231 | NE_Fee_D_Renewal_20260101-20261231,2851155092.0,Archive document-cap subtotal; overlap not resolved; not projected payments or actual spending
NH,New Hampshire,3,NH_Fee_IPH.OPH3_Renewal_20250701-20260630 | NH_Fee_IPH.OPH4_New_20250701-20260630 | NH_Fee_IPH.OPH_Renewal_20250701-20260630,274729472.0,Archive document-cap subtotal; overlap not resolved; not projected payments or actual spending
NJ,New Jersey,19,NJ_Fee_AMC1_New_20250701-20260630 | NJ_Fee_AMC_Renewal_20250701-20260630 | NJ_Fee_IPH.OPH.BHI.BHO1_Renewal_20250701-20260630 | NJ_Fee_IPH.OPH.BHI1_New_20250701-20260630 | NJ_Fee_IPH.OPH.BHI_Renewal_20250701-20260630 Camden | NJ_Fee_IPH.OPH1_Renewal_20250701-20260630 Burlington | NJ_Fee_IPH.OPH2_Renewal_20250701-20260630 Essex | NJ_Fee_IPH.OPH3_New_20250701-20260630 | NJ_Fee_IPH.OPH4_Renewal_20250701-20260630 | NJ_Fee_IPH.OPH5_Renewal_20250701-20260630 | NJ_Fee_IPH.OPH6_Renewal_20250701-20260630 Monmouth | NJ_Fee_IPH.OPH7_Renewal_20250701-20260630 | NJ_Fee_IPH.OPH_Renewal_20250701-20260630 Atlantic | NJ_Fee_IPH2_Renewal_20250701-20260630 Hudson | NJ_Fee_IPH3_Renewal_20250701-20260630 Cumberland | NJ_Fee_IPH9_Renewal_20250701-20260630 Passaic | NJ_Fee_NF_Renewal_20250701-20260630 | NJ_Fee_NF_Renewal_20260701-20270630 | NJ_Fee_OPH_Renewal_20250701-20260630,5212504723.0,Archive document-cap subtotal; overlap not resolved; not projected payments or actual spending
NM,New Mexico,6,NM_Fee_AMC_Renewal_20260101-20261231 | NM_Fee_IPH.OPH7_New_20250101-20251231 | NM_Fee_IPH_Renewal_20260101-20261231 | NM_VBP.Fee_IPH.OPH6_Renewal_20260101-20261231 | NM_VBP.Fee_IPH.OPH_Renewal_20260101-20261231 | NM_VBP.Fee_NF2_Renewal_20260101-2026123,1992640000.0,Archive document-cap subtotal; overlap not resolved; not projected payments or actual spending
NV,Nevada,2,NV_Fee_IPH.OPH2_Amend_20250101-20251231 | NV_Fee_IPH.OPH_Renewal_20260101-20261231,1487437949.0,Archive document-cap subtotal; overlap not resolved; not projected payments or actual spending
NY,New York,7,NY_Fee_IPH.OPH.BHI_Amend_20250401-20260331 | NY_Fee_IPH.OPH.BHI_Renewal_20250401-20260331 | NY_Fee_IPH.OPH_New_20240401-20250331 | NY_Fee_IPH.OPH_Renewal_20250401-20260331 | NY_Fee_OPH1_Renewal_20250401-20260331 | NY_Fee_OPH2_Renewal_20250401-20260331 | NY_VBP_IPH2_Renewal_20250401-20260331,8673784256.0,Archive document-cap subtotal; overlap not resolved; not projected payments or actual spending
OH,Ohio,20,OH_Fee_AMC.Oth1_Renewal_20250101-20251231 | OH_Fee_AMC.Oth2_Renewal_20250101-20251231 | OH_Fee_IPH.OPH.Oth1_Renewal_20250101-20251231 | OH_Fee_IPH.OPH.Oth2_Renewal_20250101-20251231 | OH_Fee_IPH.OPH.Oth3_Renewal_20250101-20251231 | OH_VBP.Fee_AMC.Oth1_New_20250101-20251231 | OH_VBP.Fee_AMC.Oth2_New_20250101-20251231 | OH_VBP.Fee_AMC.Oth3_New_20250101-20251231 | OH_VBP.Fee_AMC.Oth4_New_20250101-20251231 | OH_VBP.Fee_AMC.Oth5_New_20250101-20251231 | OH_VBP.Fee_AMC.Oth_Renewal_20250101-20251231 | OH_VBP.Fee_AMC.PC.SP.D.Oth_New_20250101-20251231 | OH_VBP.Fee_AMC.PC.SP.D.Oth_Renewal_20260101-20261231 Dayton Children's | OH_VBP.Fee_IPH.OPH.AMC_New_20250101-20251231 | OH_VBP.Fee_IPH.OPH.Oth1_New_20250101-20251231 | OH_VBP.Fee_IPH.OPH.Oth2_New_20250101-20251231 | OH_VBP.Fee_IPH.OPH.Oth3_New_20250101-20251231 | OH_VBP.Fee_IPH.OPH.Oth_New_20250101-20251231 | OH_VBP.Fee_IPH.OPH_New_20250101-20251231 | OH_VBP.Fee_IPH.OPH_Renewal_20260101-20261231,5025665343.7,Archive document-cap subtotal; overlap not resolved; not projected payments or actual spending
OK,Oklahoma,1,OK_Fee_IPH.OPH1_Renewal_20250701-20260630,1087525595.0,Archive document-cap subtotal; overlap not resolved; not projected payments or actual spending
OR,Oregon,5,OR_Fee_ IPH.OPH2_Renewal_20250101-20251231 | OR_Fee_ IPH.OPH3_Renewal_20250101-20251231 | OR_Fee_ IPH.OPH3_Renewal_20260101-20261231 | OR_Fee_IPH.OPH1_Renewal_20250101-20251231 | OR_Fee_IPH.OPH6_New_20260101-20261231,3190276000.0,Archive document-cap subtotal; overlap not resolved; not projected payments or actual spending
PA,Pennsylvania,10,PA_Fee_IPH.OPH2_Renewal_20250101-20251231 | PA_Fee_IPH.OPH2_Renewal_20260101-20261231 | PA_Fee_IPH.OPH_Renewal_20250101-20251231 | PA_Fee_IPH.OPH_Renewal_20260101-20261231 | PA_Fee_NF_Renewal_20250101-20251231 | PA_Fee_NF_Renewal_20260101-20261231 | PA_VBP_NF2_Amend_20240101-20241231 | PA_VBP_NF2_Amend_20250101-20251231 | PA_VBP_NF2_Renewal_20250101-20251231 | PA_VBP_NF2_Renewal_20260101-20261231,9279456240.0,Archive document-cap subtotal; overlap not resolved; not projected payments or actual spending
PR,Puerto Rico,1,PR_Fee_IPH_Renewal_20251001-20260930,123350308.0,Archive document-cap subtotal; overlap not resolved; not projected payments or actual spending
RI,Rhode Island,4,RI_Fee_IPH.OPH_Renewal_20250701-20260630 | RI_Fee_IPH4_Amend_20240701-20251231 | RI_Fee_NF_Renewal_20250701-20260630 | RI_Fee_OPH1_Amend_20240701-20251231,325117617.0,Archive document-cap subtotal; overlap not resolved; not projected payments or actual spending
SC,South Carolina,2,SC_Fee_AMC_Renewal_20250701-20260630 | SC_Fee_IPH.OPH_Renewal_20250701-20260630,2735759887.0,Archive document-cap subtotal; overlap not resolved; not projected payments or actual spending
TN,Tennessee,7,TN_Fee_IPH.OPH1_Amend_20240101-20241231 | TN_Fee_IPH.OPH4_Amend_20250101-20251231 | TN_Fee_IPH.OPH4_Renewal_20260101-20261231 | TN_Fee_NF_Amend2_20250101-20251231 | TN_Fee_NF_Renewal_20260101-20261231 | TN_VBP.Fee_AMC_Amend_20250101-20251231 | TN_VBP.Fee_AMC_Renewal_20260101-20261231,6936995292.0,Archive document-cap subtotal; overlap not resolved; not projected payments or actual spending
TX,Texas,1,TX_VBP.Fee_AMC.PC.SP_Amend_20250901-20260831,645410146.0,Archive document-cap subtotal; overlap not resolved; not projected payments or actual spending
UT,Utah,8,UT_Fee_AMC_Renewal_20240701-20250630 | UT_Fee_AMC_Renewal_20250701-20260630 | UT_Fee_IPH1_Renewal_20240701-20250630 | UT_Fee_IPH2_Renewal_20240701-20250630 | UT_Fee_IPH2_Renewal_20250701-20260630 | UT_Fee_OPH1_Renewal_20240701-20250630 | UT_Fee_OPH2_Renewal_20240701-20250630 | UT_Fee_OPH2_Renewal_20250701-20260630,888451484.0,Archive document-cap subtotal; overlap not resolved; not projected payments or actual spending
VA,Virginia,17,VA_Fee_AMC.PC.SP2_Renewal_20250701-20260630 | VA_Fee_AMC.PC.SP2_Renewal_20260701-20270630 | VA_Fee_AMC.PC.SP3_Renewal_20260701-20270630 | VA_Fee_AMC.PC.SP_Renewal_20260701-20270630 | VA_Fee_AMC_Amend_20250701-20260630 | VA_Fee_AMC_Renewal_20250701-20260630 | VA_Fee_AMC_Renewal_20260701-20270630 | VA_Fee_IPH.OPH2_Amend_20250701-20260630 | VA_Fee_IPH.OPH2_Renewal_20250701-20260630 | VA_Fee_IPH.OPH2_Renewal_20260701-20270630 | VA_Fee_IPH.OPH_Amend2_20240701-20250630 | VA_Fee_IPH.OPH_Renewal_20250701-20260630 | VA_Fee_IPH.OPH_Renewal_20260701-20270630 | VA_Fee_Oth2_Renewal_20250701-20260630 | VA_VBP_NF_Amend_20250701-20260630 | VA_VBP_NF_Renewal_20250701-20260630 | VA_VBP_NF_Renewal_20260701-20270630,20414906070.0,Archive document-cap subtotal; overlap not resolved; not projected payments or actual spending
WA,Washington,5,WA_Fee_AMC.PC.SP.D.Oth_Renewal_20250101-20251231 | WA_Fee_AMC.PC.SP.D.Oth_Renewal_20260101-20261231 | WA_Fee_IPH.OPH1_Renewal_20260101-20261231 | WA_Fee_IPH.OPH2_Renewal_20260101-20261231 | WA_Fee_IPH.OPH3_Renewal_20260101-20261231,3003560000.0,Archive document-cap subtotal; overlap not resolved; not projected payments or actual spending
WI,Wisconsin,4,WI_Fee_AMC_New_20250101-20251231 | WI_Fee_AMC_Renewal_20260101-20261231 | WI_Fee_IPH.OPH_Renewal_20250101-20251231 | WI_Fee_IPH.OPH_Renewal_20260101-20261231,4720740267.0,Archive document-cap subtotal; overlap not resolved; not projected payments or actual spending
WV,West Virginia,1,WV_Fee_IPH.OPH.AMC_Renewal_20250701-20260630,1963638753.0,Archive document-cap subtotal; overlap not resolved; not projected payments or actual spending
